RprtDt,StateCd,MMMCd_2015,AvgAnlsdCmtdSuppBdgt,PrtcpntCnt
31DEC2024,ALL,ALL,"89,000.00",61300
31DEC2024,ACT,ALL,"83,000.00",1059
31DEC2024,MIS,ALL,,<11
31DEC2024,NSW,ALL,"94,000.00",22016
31DEC2024,NT,ALL,"128,000.00",339
31DEC2024,OT,ALL,"116,000.00",13
31DEC2024,QLD,ALL,"89,000.00",7692
31DEC2024,SA,ALL,"83,000.00",4043
31DEC2024,TAS,ALL,"91,000.00",367
31DEC2024,VIC,ALL,"84,000.00",21077
31DEC2024,WA,ALL,"89,000.00",4692
31DEC2024,ALL,MMM,,<11
31DEC2024,ALL,MMM1,"89,000.00",56052
31DEC2024,ALL,MMM2,"96,000.00",2530
31DEC2024,ALL,MMM3,"84,000.00",1293
31DEC2024,ALL,MMM4,"84,000.00",535
31DEC2024,ALL,MMM5,"81,000.00",715
31DEC2024,ALL,MMM6 & 7,"83,000.00",170
31DEC2024,ACT,MMM1,"83,000.00",1057
31DEC2024,ACT,MMM2,,<11
31DEC2024,MIS,MMM,,<11
31DEC2024,NSW,MMM,,<11
31DEC2024,NSW,MMM1,"95,000.00",20775
31DEC2024,NSW,MMM2,"88,000.00",165
31DEC2024,NSW,MMM3,"87,000.00",657
31DEC2024,NSW,MMM4,"92,000.00",194
31DEC2024,NSW,MMM5,"80,000.00",215
31DEC2024,NSW,MMM6 & 7,,<11
31DEC2024,NT,MMM2,"139,000.00",268
31DEC2024,NT,MMM5,,<11
31DEC2024,NT,MMM6 & 7,"86,000.00",68
31DEC2024,OT,MMM6 & 7,"116,000.00",13
31DEC2024,QLD,MMM1,"88,000.00",6243
31DEC2024,QLD,MMM2,"101,000.00",1065
31DEC2024,QLD,MMM3,"75,000.00",97
31DEC2024,QLD,MMM4,"68,000.00",116
31DEC2024,QLD,MMM5,"93,000.00",149
31DEC2024,QLD,MMM6 & 7,"79,000.00",22
31DEC2024,SA,MMM1,"83,000.00",3797
31DEC2024,SA,MMM2,"142,000.00",31
31DEC2024,SA,MMM3,"72,000.00",108
31DEC2024,SA,MMM4,"48,000.00",30
31DEC2024,SA,MMM5,"93,000.00",58
31DEC2024,SA,MMM6 & 7,"87,000.00",19
31DEC2024,TAS,MMM2,"91,000.00",308
31DEC2024,TAS,MMM3,"74,000.00",27
31DEC2024,TAS,MMM5,"113,000.00",30
31DEC2024,TAS,MMM6 & 7,,<11
31DEC2024,VIC,MMM,,<11
31DEC2024,VIC,MMM1,"84,000.00",19750
31DEC2024,VIC,MMM2,"69,000.00",615
31DEC2024,VIC,MMM3,"84,000.00",332
31DEC2024,VIC,MMM4,"95,000.00",179
31DEC2024,VIC,MMM5,"66,000.00",199
31DEC2024,VIC,MMM6 & 7,,<11
31DEC2024,WA,MMM1,"90,000.00",4430
31DEC2024,WA,MMM2,"99,000.00",76
31DEC2024,WA,MMM3,"92,000.00",72
31DEC2024,WA,MMM4,"48,000.00",16
31DEC2024,WA,MMM5,"77,000.00",61
31DEC2024,WA,MMM6 & 7,"70,000.00",37
30SEP2024,ALL,ALL,"86,000.00",60495
30SEP2024,ACT,ALL,"80,000.00",1050
30SEP2024,MIS,ALL,,<11
30SEP2024,NSW,ALL,"91,000.00",21741
30SEP2024,NT,ALL,"120,000.00",339
30SEP2024,OT,ALL,"124,000.00",13
30SEP2024,QLD,ALL,"86,000.00",7599
30SEP2024,SA,ALL,"80,000.00",4006
30SEP2024,TAS,ALL,"87,000.00",368
30SEP2024,VIC,ALL,"81,000.00",20765
30SEP2024,WA,ALL,"88,000.00",4611
30SEP2024,ALL,MMM,,<11
30SEP2024,ALL,MMM1,"86,000.00",55309
30SEP2024,ALL,MMM2,"92,000.00",2496
30SEP2024,ALL,MMM3,"83,000.00",1278
30SEP2024,ALL,MMM4,"85,000.00",532
30SEP2024,ALL,MMM5,"80,000.00",703
30SEP2024,ALL,MMM6 & 7,"80,000.00",171
30SEP2024,ACT,MMM1,"80,000.00",1049
30SEP2024,ACT,MMM2,,<11
30SEP2024,MIS,MMM,,<11
30SEP2024,NSW,MMM,,<11
30SEP2024,NSW,MMM1,"92,000.00",20514
30SEP2024,NSW,MMM2,"90,000.00",160
30SEP2024,NSW,MMM3,"85,000.00",652
30SEP2024,NSW,MMM4,"93,000.00",193
30SEP2024,NSW,MMM5,"77,000.00",212
30SEP2024,NSW,MMM6 & 7,,<11
30SEP2024,NT,MMM2,"130,000.00",271
30SEP2024,NT,MMM5,,<11
30SEP2024,NT,MMM6 & 7,"82,000.00",66
30SEP2024,OT,MMM6 & 7,"124,000.00",13
30SEP2024,QLD,MMM1,"85,000.00",6160
30SEP2024,QLD,MMM2,"96,000.00",1060
30SEP2024,QLD,MMM3,"75,000.00",97
30SEP2024,QLD,MMM4,"67,000.00",115
30SEP2024,QLD,MMM5,"94,000.00",143
30SEP2024,QLD,MMM6 & 7,"80,000.00",24
30SEP2024,SA,MMM1,"80,000.00",3761
30SEP2024,SA,MMM2,"142,000.00",29
30SEP2024,SA,MMM3,"70,000.00",108
30SEP2024,SA,MMM4,"43,000.00",32
30SEP2024,SA,MMM5,"88,000.00",57
30SEP2024,SA,MMM6 & 7,"85,000.00",19
30SEP2024,TAS,MMM2,"87,000.00",308
30SEP2024,TAS,MMM3,"77,000.00",27
30SEP2024,TAS,MMM5,"104,000.00",31
30SEP2024,TAS,MMM6 & 7,,<11
30SEP2024,VIC,MMM,,<11
30SEP2024,VIC,MMM1,"82,000.00",19474
30SEP2024,VIC,MMM2,"67,000.00",593
30SEP2024,VIC,MMM3,"84,000.00",323
30SEP2024,VIC,MMM4,"98,000.00",175
30SEP2024,VIC,MMM5,"67,000.00",198
30SEP2024,VIC,MMM6 & 7,,<11
30SEP2024,WA,MMM1,"88,000.00",4351
30SEP2024,WA,MMM2,"101,000.00",74
30SEP2024,WA,MMM3,"102,000.00",71
30SEP2024,WA,MMM4,"50,000.00",17
30SEP2024,WA,MMM5,"81,000.00",60
30SEP2024,WA,MMM6 & 7,"61,000.00",38
30JUN2024,ALL,ALL,"83,000.00",59333
30JUN2024,ACT,ALL,"77,000.00",1045
30JUN2024,MIS,ALL,,<11
30JUN2024,NSW,ALL,"89,000.00",21305
30JUN2024,NT,ALL,"114,000.00",334
30JUN2024,OT,ALL,"115,000.00",13
30JUN2024,QLD,ALL,"83,000.00",7466
30JUN2024,SA,ALL,"77,000.00",3955
30JUN2024,TAS,ALL,"85,000.00",361
30JUN2024,VIC,ALL,"79,000.00",20369
30JUN2024,WA,ALL,"86,000.00",4483
30JUN2024,ALL,MMM,,<11
30JUN2024,ALL,MMM1,"83,000.00",54244
30JUN2024,ALL,MMM2,"90,000.00",2445
30JUN2024,ALL,MMM3,"81,000.00",1250
30JUN2024,ALL,MMM4,"80,000.00",528
30JUN2024,ALL,MMM5,"81,000.00",698
30JUN2024,ALL,MMM6 & 7,"82,000.00",162
30JUN2024,ACT,MMM1,"77,000.00",1043
30JUN2024,ACT,MMM2,,<11
30JUN2024,MIS,MMM,,<11
30JUN2024,NSW,MMM,,<11
30JUN2024,NSW,MMM1,"89,000.00",20105
30JUN2024,NSW,MMM2,"94,000.00",157
30JUN2024,NSW,MMM3,"83,000.00",638
30JUN2024,NSW,MMM4,"84,000.00",190
30JUN2024,NSW,MMM5,"79,000.00",207
30JUN2024,NSW,MMM6 & 7,,<11
30JUN2024,NT,MMM2,"124,000.00",266
30JUN2024,NT,MMM5,,<11
30JUN2024,NT,MMM6 & 7,"78,000.00",66
30JUN2024,OT,MMM6 & 7,"115,000.00",13
30JUN2024,QLD,MMM1,"81,000.00",6054
30JUN2024,QLD,MMM2,"95,000.00",1038
30JUN2024,QLD,MMM3,"72,000.00",97
30JUN2024,QLD,MMM4,"69,000.00",114
30JUN2024,QLD,MMM5,"101,000.00",141
30JUN2024,QLD,MMM6 & 7,"88,000.00",22
30JUN2024,SA,MMM1,"77,000.00",3723
30JUN2024,SA,MMM2,"145,000.00",28
30JUN2024,SA,MMM3,"66,000.00",99
30JUN2024,SA,MMM4,"42,000.00",33
30JUN2024,SA,MMM5,"75,000.00",56
30JUN2024,SA,MMM6 & 7,"89,000.00",16
30JUN2024,TAS,MMM2,"84,000.00",304
30JUN2024,TAS,MMM3,"78,000.00",26
30JUN2024,TAS,MMM5,"103,000.00",29
30JUN2024,TAS,MMM6 & 7,,<11
30JUN2024,VIC,MMM,,<11
30JUN2024,VIC,MMM1,"79,000.00",19087
30JUN2024,VIC,MMM2,"65,000.00",580
30JUN2024,VIC,MMM3,"81,000.00",319
30JUN2024,VIC,MMM4,"94,000.00",176
30JUN2024,VIC,MMM5,"64,000.00",204
30JUN2024,WA,MMM1,"85,000.00",4232
30JUN2024,WA,MMM2,"103,000.00",70
30JUN2024,WA,MMM3,"96,000.00",71
30JUN2024,WA,MMM4,"44,000.00",15
30JUN2024,WA,MMM5,"91,000.00",59
30JUN2024,WA,MMM6 & 7,"75,000.00",36
31MAR2024,ALL,ALL,"81,000.00",58490
31MAR2024,ACT,ALL,"75,000.00",1034
31MAR2024,MIS,ALL,,<11
31MAR2024,NSW,ALL,"87,000.00",20981
31MAR2024,NT,ALL,"103,000.00",335
31MAR2024,OT,ALL,"107,000.00",12
31MAR2024,QLD,ALL,"81,000.00",7349
31MAR2024,SA,ALL,"76,000.00",3922
31MAR2024,TAS,ALL,"83,000.00",359
31MAR2024,VIC,ALL,"77,000.00",20076
31MAR2024,WA,ALL,"84,000.00",4416
31MAR2024,ALL,MM,,<11
31MAR2024,ALL,MM1,"81,000.00",53422
31MAR2024,ALL,MM2,"88,000.00",2438
31MAR2024,ALL,MM3,"78,000.00",1199
31MAR2024,ALL,MM4,"81,000.00",510
31MAR2024,ALL,MM5,"77,000.00",684
31MAR2024,ALL,MM6,"80,000.00",231
31MAR2024,ACT,MM1,"75,000.00",1031
31MAR2024,ACT,MM2,,<11
31MAR2024,MIS,MM,,<11
31MAR2024,MIS,MM1,,<11
31MAR2024,NSW,MM1,"87,000.00",19795
31MAR2024,NSW,MM2,"87,000.00",155
31MAR2024,NSW,MM3,"81,000.00",629
31MAR2024,NSW,MM4,"86,000.00",186
31MAR2024,NSW,MM5,"80,000.00",202
31MAR2024,NSW,MM6,"83,000.00",13
31MAR2024,NT,MM2,"113,000.00",269
31MAR2024,NT,MM5,,<11
31MAR2024,NT,MM6,"64,000.00",64
31MAR2024,OT,MM6,"107,000.00",12
31MAR2024,QLD,MM1,"79,000.00",5955
31MAR2024,QLD,MM2,"92,000.00",1029
31MAR2024,QLD,MM3,"67,000.00",91
31MAR2024,QLD,MM4,"64,000.00",93
31MAR2024,QLD,MM5,"91,000.00",135
31MAR2024,QLD,MM6,"83,000.00",46
31MAR2024,SA,MM1,"76,000.00",3690
31MAR2024,SA,MM2,"144,000.00",32
31MAR2024,SA,MM3,"67,000.00",96
31MAR2024,SA,MM4,"42,000.00",33
31MAR2024,SA,MM5,"75,000.00",57
31MAR2024,SA,MM6,"96,000.00",14
31MAR2024,TAS,MM2,"83,000.00",302
31MAR2024,TAS,MM3,"76,000.00",27
31MAR2024,TAS,MM5,"100,000.00",28
31MAR2024,TAS,MM6,,<11
31MAR2024,VIC,MM,,<11
31MAR2024,VIC,MM1,"77,000.00",18788
31MAR2024,VIC,MM2,"67,000.00",576
31MAR2024,VIC,MM3,"79,000.00",320
31MAR2024,VIC,MM4,"95,000.00",182
31MAR2024,VIC,MM5,"62,000.00",208
31MAR2024,WA,MM1,"84,000.00",4161
31MAR2024,WA,MM2,"104,000.00",72
31MAR2024,WA,MM3,"78,000.00",36
31MAR2024,WA,MM4,"45,000.00",16
31MAR2024,WA,MM5,"84,000.00",52
31MAR2024,WA,MM6,"86,000.00",79
31DEC2023,ALL,ALL,"80,000.00",58294
31DEC2023,ACT,ALL,"74,000.00",1043
31DEC2023,MIS,ALL,,<11
31DEC2023,NSW,ALL,"85,000.00",20895
31DEC2023,NT,ALL,"96,000.00",348
31DEC2023,OT,ALL,"103,000.00",12
31DEC2023,QLD,ALL,"80,000.00",7288
31DEC2023,SA,ALL,"75,000.00",3921
31DEC2023,TAS,ALL,"84,000.00",358
31DEC2023,VIC,ALL,"76,000.00",20043
31DEC2023,WA,ALL,"83,000.00",4378
31DEC2023,ALL,MM,,<11
31DEC2023,ALL,MM1,"80,000.00",53230
31DEC2023,ALL,MM2,"86,000.00",2423
31DEC2023,ALL,MM3,"78,000.00",1234
31DEC2023,ALL,MM4,"78,000.00",535
31DEC2023,ALL,MM5,"76,000.00",701
31DEC2023,ALL,MM6,"72,000.00",162
31DEC2023,ACT,MM1,"74,000.00",1041
31DEC2023,ACT,MM2,,<11
31DEC2023,MIS,MM,,<11
31DEC2023,NSW,MM1,"85,000.00",19718
31DEC2023,NSW,MM2,"89,000.00",154
31DEC2023,NSW,MM3,"80,000.00",629
31DEC2023,NSW,MM4,"83,000.00",186
31DEC2023,NSW,MM5,"74,000.00",200
31DEC2023,NSW,MM6,,<11
31DEC2023,NT,MM2,"105,000.00",278
31DEC2023,NT,MM5,,<11
31DEC2023,NT,MM6,"61,000.00",67
31DEC2023,OT,MM6,"103,000.00",12
31DEC2023,QLD,MM1,"78,000.00",5903
31DEC2023,QLD,MM2,"91,000.00",1019
31DEC2023,QLD,MM3,"65,000.00",90
31DEC2023,QLD,MM4,"67,000.00",116
31DEC2023,QLD,MM5,"86,000.00",139
31DEC2023,QLD,MM6,"85,000.00",21
31DEC2023,SA,MM1,"74,000.00",3696
31DEC2023,SA,MM2,"131,000.00",29
31DEC2023,SA,MM3,"67,000.00",93
31DEC2023,SA,MM4,"42,000.00",31
31DEC2023,SA,MM5,"87,000.00",58
31DEC2023,SA,MM6,"95,000.00",14
31DEC2023,TAS,MM2,"83,000.00",299
31DEC2023,TAS,MM3,"76,000.00",28
31DEC2023,TAS,MM5,"107,000.00",29
31DEC2023,TAS,MM6,,<11
31DEC2023,VIC,MM1,"76,000.00",18753
31DEC2023,VIC,MM2,"65,000.00",568
31DEC2023,VIC,MM3,"81,000.00",323
31DEC2023,VIC,MM4,"89,000.00",186
31DEC2023,VIC,MM5,"62,000.00",212
31DEC2023,WA,MM1,"83,000.00",4119
31DEC2023,WA,MM2,"102,000.00",74
31DEC2023,WA,MM3,"80,000.00",71
31DEC2023,WA,MM4,"46,000.00",16
31DEC2023,WA,MM5,"85,000.00",60
31DEC2023,WA,MM6,"71,000.00",38
30SEP2023,ALL,ALL,"79,000.00",57554
30SEP2023,ACT,ALL,"74,000.00",1050
30SEP2023,NSW,ALL,"84,000.00",20644
30SEP2023,NT,ALL,"100,000.00",354
30SEP2023,OT,ALL,"97,000.00",12
30SEP2023,QLD,ALL,"79,000.00",7160
30SEP2023,SA,ALL,"74,000.00",3880
30SEP2023,TAS,ALL,"82,000.00",346
30SEP2023,VIC,ALL,"75,000.00",19788
30SEP2023,WA,ALL,"82,000.00",4320
30SEP2023,ALL,MM,,<11
30SEP2023,ALL,MM1,"79,000.00",52565
30SEP2023,ALL,MM2,"86,000.00",2395
30SEP2023,ALL,MM3,"78,000.00",1207
30SEP2023,ALL,MM4,"79,000.00",530
30SEP2023,ALL,MM5,"77,000.00",687
30SEP2023,ALL,MM6,"84,000.00",168
30SEP2023,ACT,MM1,"74,000.00",1048
30SEP2023,ACT,MM2,,<11
30SEP2023,NSW,MM1,"84,000.00",19483
30SEP2023,NSW,MM2,"87,000.00",153
30SEP2023,NSW,MM3,"81,000.00",620
30SEP2023,NSW,MM4,"82,000.00",184
30SEP2023,NSW,MM5,"74,000.00",196
30SEP2023,NSW,MM6,,<11
30SEP2023,NT,MM2,"103,000.00",280
30SEP2023,NT,MM5,,<11
30SEP2023,NT,MM6,"91,000.00",71
30SEP2023,OT,MM6,"97,000.00",12
30SEP2023,QLD,MM1,"77,000.00",5785
30SEP2023,QLD,MM2,"91,000.00",1015
30SEP2023,QLD,MM3,"67,000.00",87
30SEP2023,QLD,MM4,"68,000.00",115
30SEP2023,QLD,MM5,"91,000.00",137
30SEP2023,QLD,MM6,"88,000.00",21
30SEP2023,SA,MM1,"74,000.00",3657
30SEP2023,SA,MM2,"131,000.00",30
30SEP2023,SA,MM3,"63,000.00",89
30SEP2023,SA,MM4,"42,000.00",30
30SEP2023,SA,MM5,"85,000.00",60
30SEP2023,SA,MM6,"95,000.00",14
30SEP2023,TAS,MM2,"81,000.00",289
30SEP2023,TAS,MM3,"70,000.00",26
30SEP2023,TAS,MM5,"108,000.00",29
30SEP2023,TAS,MM6,,<11
30SEP2023,VIC,MM1,"75,000.00",18527
30SEP2023,VIC,MM2,"66,000.00",554
30SEP2023,VIC,MM3,"80,000.00",315
30SEP2023,VIC,MM4,"92,000.00",185
30SEP2023,VIC,MM5,"62,000.00",205
30SEP2023,VIC,MM6,,<11
30SEP2023,WA,MM,,<11
30SEP2023,WA,MM1,"81,000.00",4065
30SEP2023,WA,MM2,"104,000.00",72
30SEP2023,WA,MM3,"82,000.00",70
30SEP2023,WA,MM4,"45,000.00",16
30SEP2023,WA,MM5,"86,000.00",57
30SEP2023,WA,MM6,"71,000.00",39
30JUN2023,ALL,ALL,"76,000.00",55751
30JUN2023,ACT,ALL,"70,000.00",1033
30JUN2023,NSW,ALL,"81,000.00",19965
30JUN2023,NT,ALL,"99,000.00",355
30JUN2023,OT,ALL,"86,000.00",13
30JUN2023,QLD,ALL,"76,000.00",6943
30JUN2023,SA,ALL,"70,000.00",3743
30JUN2023,TAS,ALL,"78,000.00",352
30JUN2023,VIC,ALL,"72,000.00",19145
30JUN2023,WA,ALL,"78,000.00",4202
30JUN2023,ALL,MM,,<11
30JUN2023,ALL,MM1,"76,000.00",50869
30JUN2023,ALL,MM2,"82,000.00",2356
30JUN2023,ALL,MM3,"75,000.00",1166
30JUN2023,ALL,MM4,"78,000.00",521
30JUN2023,ALL,MM5,"74,000.00",668
30JUN2023,ALL,MM6,"85,000.00",168
30JUN2023,ACT,MM1,"70,000.00",1031
30JUN2023,ACT,MM2,,<11
30JUN2023,NSW,MM,,<11
30JUN2023,NSW,MM1,"81,000.00",18850
30JUN2023,NSW,MM2,"81,000.00",152
30JUN2023,NSW,MM3,"77,000.00",589
30JUN2023,NSW,MM4,"82,000.00",181
30JUN2023,NSW,MM5,"70,000.00",184
30JUN2023,NSW,MM6,,<11
30JUN2023,NT,MM2,"100,000.00",280
30JUN2023,NT,MM5,,<11
30JUN2023,NT,MM6,"95,000.00",73
30JUN2023,OT,MM6,"86,000.00",13
30JUN2023,QLD,MM1,"74,000.00",5590
30JUN2023,QLD,MM2,"85,000.00",995
30JUN2023,QLD,MM3,"63,000.00",89
30JUN2023,QLD,MM4,"67,000.00",116
30JUN2023,QLD,MM5,"86,000.00",134
30JUN2023,QLD,MM6,"84,000.00",19
30JUN2023,SA,MM1,"70,000.00",3523
30JUN2023,SA,MM2,"127,000.00",30
30JUN2023,SA,MM3,"62,000.00",89
30JUN2023,SA,MM4,"38,000.00",30
30JUN2023,SA,MM5,"87,000.00",58
30JUN2023,SA,MM6,"105,000.00",13
30JUN2023,TAS,MM2,"77,000.00",297
30JUN2023,TAS,MM3,"70,000.00",25
30JUN2023,TAS,MM5,"106,000.00",28
30JUN2023,TAS,MM6,,<11
30JUN2023,VIC,MM1,"72,000.00",17927
30JUN2023,VIC,MM2,"63,000.00",529
30JUN2023,VIC,MM3,"78,000.00",305
30JUN2023,VIC,MM4,"92,000.00",178
30JUN2023,VIC,MM5,"59,000.00",204
30JUN2023,VIC,MM6,,<11
30JUN2023,WA,MM,,<11
30JUN2023,WA,MM1,"78,000.00",3948
30JUN2023,WA,MM2,"100,000.00",71
30JUN2023,WA,MM3,"77,000.00",69
30JUN2023,WA,MM4,"39,000.00",16
30JUN2023,WA,MM5,"85,000.00",58
30JUN2023,WA,MM6,"68,000.00",39
31MAR2023,ALL,ALL,"75,000.00",54201
31MAR2023,ACT,ALL,"69,000.00",1017
31MAR2023,NSW,ALL,"80,000.00",19346
31MAR2023,NT,ALL,"99,000.00",346
31MAR2023,OT,ALL,"78,000.00",14
31MAR2023,QLD,ALL,"74,000.00",6722
31MAR2023,SA,ALL,"68,000.00",3676
31MAR2023,TAS,ALL,"80,000.00",363
31MAR2023,VIC,ALL,"71,000.00",18603
31MAR2023,WA,ALL,"76,000.00",4114
31MAR2023,ALL,MM,,<11
31MAR2023,ALL,MM1,"75,000.00",49436
31MAR2023,ALL,MM2,"79,000.00",2306
31MAR2023,ALL,MM3,"73,000.00",1133
31MAR2023,ALL,MM4,"78,000.00",515
31MAR2023,ALL,MM5,"71,000.00",646
31MAR2023,ALL,MM6,"86,000.00",162
31MAR2023,ACT,MM1,"69,000.00",1015
31MAR2023,ACT,MM2,,<11
31MAR2023,NSW,MM,,<11
31MAR2023,NSW,MM1,"80,000.00",18261
31MAR2023,NSW,MM2,"80,000.00",151
31MAR2023,NSW,MM3,"77,000.00",570
31MAR2023,NSW,MM4,"76,000.00",177
31MAR2023,NSW,MM5,"66,000.00",179
31MAR2023,NSW,MM6,,<11
31MAR2023,NT,MM2,"98,000.00",273
31MAR2023,NT,MM5,,<11
31MAR2023,NT,MM6,"101,000.00",72
31MAR2023,OT,MM6,"78,000.00",14
31MAR2023,QLD,MM1,"73,000.00",5398
31MAR2023,QLD,MM2,"81,000.00",972
31MAR2023,QLD,MM3,"64,000.00",84
31MAR2023,QLD,MM4,"65,000.00",117
31MAR2023,QLD,MM5,"85,000.00",132
31MAR2023,QLD,MM6,"79,000.00",19
31MAR2023,SA,MM1,"68,000.00",3457
31MAR2023,SA,MM2,"109,000.00",30
31MAR2023,SA,MM3,"63,000.00",88
31MAR2023,SA,MM4,"38,000.00",30
31MAR2023,SA,MM5,"76,000.00",58
31MAR2023,SA,MM6,"105,000.00",13
31MAR2023,TAS,MM2,"79,000.00",303
31MAR2023,TAS,MM3,"64,000.00",28
31MAR2023,TAS,MM5,"108,000.00",30
31MAR2023,TAS,MM6,,<11
31MAR2023,VIC,MM1,"71,000.00",17431
31MAR2023,VIC,MM2,"61,000.00",505
31MAR2023,VIC,MM3,"72,000.00",296
31MAR2023,VIC,MM4,"99,000.00",177
31MAR2023,VIC,MM5,"56,000.00",192
31MAR2023,VIC,MM6,,<11
31MAR2023,WA,MM,,<11
31MAR2023,WA,MM1,"76,000.00",3874
31MAR2023,WA,MM2,"102,000.00",70
31MAR2023,WA,MM3,"66,000.00",67
31MAR2023,WA,MM4,"43,000.00",14
31MAR2023,WA,MM5,"82,000.00",54
31MAR2023,WA,MM6,"67,000.00",34
31DEC2022,ALL,ALL,"74,000.00",52521
31DEC2022,ACT,ALL,"70,000.00",993
31DEC2022,NSW,ALL,"78,000.00",18793
31DEC2022,NT,ALL,"101,000.00",340
31DEC2022,OT,ALL,"87,000.00",15
31DEC2022,QLD,ALL,"74,000.00",6475
31DEC2022,SA,ALL,"67,000.00",3579
31DEC2022,TAS,ALL,"79,000.00",390
31DEC2022,VIC,ALL,"70,000.00",17932
31DEC2022,WA,ALL,"75,000.00",4004
31DEC2022,ALL,MM,,<11
31DEC2022,ALL,MM1,"74,000.00",47864
31DEC2022,ALL,MM2,"80,000.00",2261
31DEC2022,ALL,MM3,"71,000.00",1109
31DEC2022,ALL,MM4,"77,000.00",493
31DEC2022,ALL,MM5,"67,000.00",628
31DEC2022,ALL,MM6,"88,000.00",164
31DEC2022,ACT,MM1,"70,000.00",991
31DEC2022,ACT,MM2,,<11
31DEC2022,NSW,MM,,<11
31DEC2022,NSW,MM1,"79,000.00",17741
31DEC2022,NSW,MM2,"80,000.00",146
31DEC2022,NSW,MM3,"75,000.00",560
31DEC2022,NSW,MM4,"77,000.00",166
31DEC2022,NSW,MM5,"62,000.00",172
31DEC2022,NSW,MM6,,<11
31DEC2022,NT,MM2,"100,000.00",269
31DEC2022,NT,MM5,,<11
31DEC2022,NT,MM6,"107,000.00",70
31DEC2022,OT,MM6,"87,000.00",15
31DEC2022,QLD,MM1,"73,000.00",5188
31DEC2022,QLD,MM2,"81,000.00",946
31DEC2022,QLD,MM3,"65,000.00",77
31DEC2022,QLD,MM4,"60,000.00",117
31DEC2022,QLD,MM5,"79,000.00",126
31DEC2022,QLD,MM6,"79,000.00",21
31DEC2022,SA,MM1,"66,000.00",3363
31DEC2022,SA,MM2,"98,000.00",26
31DEC2022,SA,MM3,"68,000.00",87
31DEC2022,SA,MM4,"42,000.00",30
31DEC2022,SA,MM5,"77,000.00",58
31DEC2022,SA,MM6,"97,000.00",15
31DEC2022,TAS,MM2,"80,000.00",320
31DEC2022,TAS,MM3,"66,000.00",33
31DEC2022,TAS,MM5,"85,000.00",35
31DEC2022,TAS,MM6,,<11
31DEC2022,VIC,MM1,"70,000.00",16807
31DEC2022,VIC,MM2,"60,000.00",485
31DEC2022,VIC,MM3,"69,000.00",287
31DEC2022,VIC,MM4,"96,000.00",168
31DEC2022,VIC,MM5,"57,000.00",183
31DEC2022,VIC,MM6,,<11
31DEC2022,WA,MM1,"75,000.00",3774
31DEC2022,WA,MM2,"105,000.00",67
31DEC2022,WA,MM3,"63,000.00",65
31DEC2022,WA,MM4,"43,000.00",12
31DEC2022,WA,MM5,"70,000.00",53
31DEC2022,WA,MM6,"66,000.00",33
30SEP2022,ALL,ALL,"72,000.00",50968
30SEP2022,ACT,ALL,"68,000.00",986
30SEP2022,NSW,ALL,"76,000.00",18213
30SEP2022,NT,ALL,"104,000.00",329
30SEP2022,OT,ALL,"87,000.00",15
30SEP2022,QLD,ALL,"73,000.00",6284
30SEP2022,SA,ALL,"65,000.00",3482
30SEP2022,TAS,ALL,"76,000.00",388
30SEP2022,VIC,ALL,"68,000.00",17386
30SEP2022,WA,ALL,"72,000.00",3885
30SEP2022,ALL,MM,,<11
30SEP2022,ALL,MM1,"72,000.00",46430
30SEP2022,ALL,MM2,"78,000.00",2200
30SEP2022,ALL,MM3,"70,000.00",1088
30SEP2022,ALL,MM4,"77,000.00",478
30SEP2022,ALL,MM5,"65,000.00",605
30SEP2022,ALL,MM6,"87,000.00",166
30SEP2022,ACT,MM1,"68,000.00",979
30SEP2022,ACT,MM2,,<11
30SEP2022,NSW,MM,,<11
30SEP2022,NSW,MM1,"77,000.00",17190
30SEP2022,NSW,MM2,"83,000.00",148
30SEP2022,NSW,MM3,"74,000.00",558
30SEP2022,NSW,MM4,"75,000.00",159
30SEP2022,NSW,MM5,"58,000.00",165
30SEP2022,NSW,MM6,,<11
30SEP2022,NT,MM2,"102,000.00",261
30SEP2022,NT,MM5,,<11
30SEP2022,NT,MM6,"109,000.00",72
30SEP2022,OT,MM6,"87,000.00",15
30SEP2022,QLD,MM1,"72,000.00",5031
30SEP2022,QLD,MM2,"79,000.00",915
30SEP2022,QLD,MM3,"64,000.00",80
30SEP2022,QLD,MM4,"59,000.00",120
30SEP2022,QLD,MM5,"74,000.00",127
30SEP2022,QLD,MM6,"76,000.00",24
30SEP2022,SA,MM1,"64,000.00",3275
30SEP2022,SA,MM2,"100,000.00",27
30SEP2022,SA,MM3,"69,000.00",79
30SEP2022,SA,MM4,"46,000.00",31
30SEP2022,SA,MM5,"74,000.00",54
30SEP2022,SA,MM6,"82,000.00",16
30SEP2022,TAS,MM2,"77,000.00",324
30SEP2022,TAS,MM3,"62,000.00",34
30SEP2022,TAS,MM5,"84,000.00",28
30SEP2022,TAS,MM6,,<11
30SEP2022,VIC,MM1,"69,000.00",16298
30SEP2022,VIC,MM2,"56,000.00",470
30SEP2022,VIC,MM3,"69,000.00",275
30SEP2022,VIC,MM4,"100,000.00",161
30SEP2022,VIC,MM5,"58,000.00",170
30SEP2022,VIC,MM6,,<11
30SEP2022,WA,MM1,"72,000.00",3656
30SEP2022,WA,MM2,"107,000.00",66
30SEP2022,WA,MM3,"56,000.00",70
30SEP2022,WA,MM4,"43,000.00",12
30SEP2022,WA,MM5,"66,000.00",46
30SEP2022,WA,MM6,"67,000.00",33
30JUN2022,ALL,ALL,"67,000.00",49201
30JUN2022,ACT,ALL,"63,000.00",974
30JUN2022,NSW,ALL,"71,000.00",17581
30JUN2022,NT,ALL,"104,000.00",322
30JUN2022,OT,ALL,"78,000.00",15
30JUN2022,QLD,ALL,"68,000.00",6060
30JUN2022,SA,ALL,"60,000.00",3359
30JUN2022,TAS,ALL,"69,000.00",377
30JUN2022,VIC,ALL,"64,000.00",16751
30JUN2022,WA,ALL,"67,000.00",3762
30JUN2022,ALL,MM,,<11
30JUN2022,ALL,MM1,"67,000.00",44830
30JUN2022,ALL,MM2,"74,000.00",2114
30JUN2022,ALL,MM3,"66,000.00",1060
30JUN2022,ALL,MM4,"73,000.00",452
30JUN2022,ALL,MM5,"63,000.00",585
30JUN2022,ALL,MM6,"84,000.00",158
30JUN2022,ACT,MM1,"63,000.00",972
30JUN2022,ACT,MM2,,<11
30JUN2022,NSW,MM,,<11
30JUN2022,NSW,MM1,"71,000.00",16578
30JUN2022,NSW,MM2,"82,000.00",139
30JUN2022,NSW,MM3,"68,000.00",548
30JUN2022,NSW,MM4,"74,000.00",151
30JUN2022,NSW,MM5,"54,000.00",158
30JUN2022,NSW,MM6,,<11
30JUN2022,NT,MM2,"101,000.00",257
30JUN2022,NT,MM5,,<11
30JUN2022,NT,MM6,"114,000.00",64
30JUN2022,OT,MM6,"78,000.00",15
30JUN2022,QLD,MM,,<11
30JUN2022,QLD,MM1,"67,000.00",4866
30JUN2022,QLD,MM2,"75,000.00",870
30JUN2022,QLD,MM3,"61,000.00",74
30JUN2022,QLD,MM4,"55,000.00",109
30JUN2022,QLD,MM5,"73,000.00",118
30JUN2022,QLD,MM6,"69,000.00",22
30JUN2022,SA,MM1,"59,000.00",3156
30JUN2022,SA,MM2,"86,000.00",23
30JUN2022,SA,MM3,"79,000.00",82
30JUN2022,SA,MM4,"42,000.00",28
30JUN2022,SA,MM5,"66,000.00",55
30JUN2022,SA,MM6,"80,000.00",15
30JUN2022,TAS,MM2,"69,000.00",315
30JUN2022,TAS,MM3,"59,000.00",30
30JUN2022,TAS,MM5,"82,000.00",30
30JUN2022,TAS,MM6,,<11
30JUN2022,VIC,MM1,"64,000.00",15711
30JUN2022,VIC,MM2,"53,000.00",444
30JUN2022,VIC,MM3,"63,000.00",268
30JUN2022,VIC,MM4,"92,000.00",152
30JUN2022,VIC,MM5,"62,000.00",174
30JUN2022,VIC,MM6,,<11
30JUN2022,WA,MM1,"67,000.00",3547
30JUN2022,WA,MM2,"93,000.00",64
30JUN2022,WA,MM3,"53,000.00",58
30JUN2022,WA,MM4,"41,000.00",12
30JUN2022,WA,MM5,"63,000.00",49
30JUN2022,WA,MM6,"54,000.00",32
31MAR2022,ACT,ALL,"63,000.00",971
31MAR2022,ACT,MM1,"63,000.00",964
31MAR2022,ACT,MM2,,11
31MAR2022,ALL,ALL,"66,000.00",47731
31MAR2022,ALL,MM,,11
31MAR2022,ALL,MM1,"66,000.00",43489
31MAR2022,ALL,MM2,"72,000.00",2041
31MAR2022,ALL,MM3,"65,000.00",1036
31MAR2022,ALL,MM4,"74,000.00",434
31MAR2022,ALL,MM5,"63,000.00",575
31MAR2022,ALL,MM6,"84,000.00",155
31MAR2022,MIS,ALL,,11
31MAR2022,MIS,MM1,,11
31MAR2022,NSW,ALL,"70,000.00",17041
31MAR2022,NSW,MM,,11
31MAR2022,NSW,MM1,"71,000.00",16065
31MAR2022,NSW,MM2,"71,000.00",138
31MAR2022,NSW,MM3,"69,000.00",542
31MAR2022,NSW,MM4,"76,000.00",144
31MAR2022,NSW,MM5,"51,000.00",157
31MAR2022,NSW,MM6,,11
31MAR2022,NT,ALL,"106,000.00",312
31MAR2022,NT,MM2,"103,000.00",252
31MAR2022,NT,MM5,,11
31MAR2022,NT,MM6,"121,000.00",63
31MAR2022,OT,ALL,"71,000.00",13
31MAR2022,OT,MM6,"71,000.00",13
31MAR2022,QLD,ALL,"67,000.00",5833
31MAR2022,QLD,MM1,"67,000.00",4675
31MAR2022,QLD,MM2,"72,000.00",844
31MAR2022,QLD,MM3,"58,000.00",80
31MAR2022,QLD,MM4,"55,000.00",105
31MAR2022,QLD,MM5,"67,000.00",117
31MAR2022,QLD,MM6,"70,000.00",25
31MAR2022,SA,ALL,"59,000.00",3271
31MAR2022,SA,MM1,"58,000.00",3080
31MAR2022,SA,MM2,"82,000.00",23
31MAR2022,SA,MM3,"76,000.00",76
31MAR2022,SA,MM4,"44,000.00",30
31MAR2022,SA,MM5,"68,000.00",46
31MAR2022,SA,MM6,"75,000.00",16
31MAR2022,TAS,ALL,"70,000.00",370
31MAR2022,TAS,MM2,"70,000.00",312
31MAR2022,TAS,MM3,"63,000.00",29
31MAR2022,TAS,MM5,"82,000.00",26
31MAR2022,TAS,MM6,,11
31MAR2022,VIC,ALL,"63,000.00",16257
31MAR2022,VIC,MM1,"63,000.00",15252
31MAR2022,VIC,MM2,"52,000.00",418
31MAR2022,VIC,MM3,"60,000.00",256
31MAR2022,VIC,MM4,"92,000.00",149
31MAR2022,VIC,MM5,"67,000.00",170
31MAR2022,VIC,MM6,,11
31MAR2022,WA,ALL,"65,000.00",3661
31MAR2022,WA,MM1,"65,000.00",3450
31MAR2022,WA,MM2,"85,000.00",65
31MAR2022,WA,MM3,"50,000.00",61
31MAR2022,WA,MM4,"38,000.00",12
31MAR2022,WA,MM5,"55,000.00",45
31MAR2022,WA,MM6,"52,000.00",35
31DEC2021,ACT,ALL,"63,000.00",959
31DEC2021,ACT,MM1,"63,000.00",952
31DEC2021,ACT,MM2,,11
31DEC2021,ALL,ALL,"66,000.00",46191
31DEC2021,ALL,MM1,"66,000.00",42084
31DEC2021,ALL,MM2,"71,000.00",1959
31DEC2021,ALL,MM3,"64,000.00",1002
31DEC2021,ALL,MM4,"69,000.00",422
31DEC2021,ALL,MM5,"63,000.00",569
31DEC2021,ALL,MM6,"84,000.00",154
31DEC2021,NSW,ALL,"70,000.00",16576
31DEC2021,NSW,MM1,"71,000.00",15614
31DEC2021,NSW,MM2,"66,000.00",139
31DEC2021,NSW,MM3,"69,000.00",528
31DEC2021,NSW,MM4,"73,000.00",142
31DEC2021,NSW,MM5,"55,000.00",159
31DEC2021,NSW,MM6,,11
31DEC2021,NT,ALL,"104,000.00",299
31DEC2021,NT,MM2,"102,000.00",240
31DEC2021,NT,MM5,,11
31DEC2021,NT,MM6,"116,000.00",62
31DEC2021,OT,ALL,"71,000.00",13
31DEC2021,OT,MM6,"71,000.00",13
31DEC2021,QLD,ALL,"67,000.00",5540
31DEC2021,QLD,MM1,"66,000.00",4444
31DEC2021,QLD,MM2,"73,000.00",796
31DEC2021,QLD,MM3,"59,000.00",74
31DEC2021,QLD,MM4,"51,000.00",97
31DEC2021,QLD,MM5,"73,000.00",118
31DEC2021,QLD,MM6,"68,000.00",24
31DEC2021,SA,ALL,"59,000.00",3172
31DEC2021,SA,MM1,"58,000.00",2989
31DEC2021,SA,MM2,"87,000.00",22
31DEC2021,SA,MM3,"74,000.00",69
31DEC2021,SA,MM4,"42,000.00",32
31DEC2021,SA,MM5,"71,000.00",42
31DEC2021,SA,MM6,"93,000.00",22
31DEC2021,TAS,ALL,"69,000.00",361
31DEC2021,TAS,MM2,"69,000.00",302
31DEC2021,TAS,MM3,"63,000.00",24
31DEC2021,TAS,MM5,"78,000.00",31
31DEC2021,TAS,MM6,,11
31DEC2021,VIC,ALL,"62,000.00",15731
31DEC2021,VIC,MM1,"62,000.00",14746
31DEC2021,VIC,MM2,"52,000.00",402
31DEC2021,VIC,MM3,"57,000.00",252
31DEC2021,VIC,MM4,"84,000.00",144
31DEC2021,VIC,MM5,"62,000.00",170
31DEC2021,VIC,MM6,,11
31DEC2021,WA,ALL,"64,000.00",3540
31DEC2021,WA,MM1,"65,000.00",3337
31DEC2021,WA,MM2,"82,000.00",69
31DEC2021,WA,MM3,"51,000.00",49
31DEC2021,WA,MM4,,11
31DEC2021,WA,MM5,"52,000.00",44
31DEC2021,WA,MM6,"53,000.00",35
